https://soundcloud.com/onthatile-dire,,
https://soundcloud.com/wreckone-1,,
https://soundcloud.com/yungflint,,
https://soundcloud.com/mano-feeh,,
https://soundcloud.com/juggaholics,,
https://soundcloud.com/originalhotboyturk,,
https://soundcloud.com/waivykid,,
https://soundcloud.com/dazdanky,,
https://soundcloud.com/savvymike,,
https://soundcloud.com/jake-seiple,,
https://soundcloud.com/tywriter,,
https://soundcloud.com/quisisback,,
https://soundcloud.com/willyesko,,
https://soundcloud.com/user-85446344,,
https://soundcloud.com/trellek-chopjr-lewis,,
https://soundcloud.com/lil-nasty-305,,
https://soundcloud.com/user-656981834,,
https://soundcloud.com/chemistmover,,
https://soundcloud.com/notgillani,,
https://soundcloud.com/fyahboss876,,
https://soundcloud.com/quita101,,
https://soundcloud.com/user-74595437,,
https://soundcloud.com/sonatripz,,
https://soundcloud.com/zach-rosado-692613150,,
https://soundcloud.com/cotton-weary,,
https://soundcloud.com/user-591461684,,
https://soundcloud.com/darealcig,,
https://soundcloud.com/user-314613685,,
https://soundcloud.com/kingc-276878788,,
https://soundcloud.com/zayvin,,
https://soundcloud.com/esperjake,,
https://soundcloud.com/6_9_0,,
https://soundcloud.com/steezymane420,,
https://soundcloud.com/rahswish,,
https://soundcloud.com/kayrillo,,
https://soundcloud.com/kriptik305,,
https://soundcloud.com/nick-stice,,
https://soundcloud.com/daretoran2,,
https://soundcloud.com/user-552984183,,
https://soundcloud.com/weedoworld,,
https://soundcloud.com/tonycero,,
https://soundcloud.com/vysetracks,,
https://soundcloud.com/joeymelrose,,
https://soundcloud.com/mohammed-holley,,
https://soundcloud.com/zekezoid,,
https://soundcloud.com/zaymatic,,
https://soundcloud.com/mc_lain,,
https://soundcloud.com/xchrispatrick,,
https://soundcloud.com/merlynwood,,
https://soundcloud.com/user-610078383,,
https://soundcloud.com/user-349046725,,
https://soundcloud.com/riley-williams-958057545,,
https://soundcloud.com/rico_raw_onethousand,,
https://soundcloud.com/user-552674021,,
https://soundcloud.com/prettyboideva,,
https://soundcloud.com/youngfadez,,
https://soundcloud.com/user-961663970,,
https://soundcloud.com/cooley-baby,,
https://soundcloud.com/sultan-sabir,,
https://soundcloud.com/estee-kd,,
https://soundcloud.com/risenakarissa813,,
https://soundcloud.com/user-992610636,,
https://soundcloud.com/numba3witdatheat,,
https://soundcloud.com/sayless-moe,,
https://soundcloud.com/c-child-chavis,,
https://soundcloud.com/ak2da4,,
https://soundcloud.com/yunn-fashion,,
https://soundcloud.com/str8cash-615,,
https://soundcloud.com/will1one,,
https://soundcloud.com/charm-ncrxwd,,
https://soundcloud.com/dextters-official,,
https://soundcloud.com/circle-a,,
https://soundcloud.com/taynamdup,,
https://soundcloud.com/5150committee,,
https://soundcloud.com/moon_theartist,,
https://soundcloud.com/tracehoe,,
https://soundcloud.com/user-177749512,,
https://soundcloud.com/derrick-scott-421964115,,
https://soundcloud.com/eye_knives,,
https://soundcloud.com/official-kazie,,
https://soundcloud.com/j-luck,,
https://soundcloud.com/quisehoncho_2x,,
https://soundcloud.com/goldieawk14,,
https://soundcloud.com/user-528376699,,
https://soundcloud.com/wavvyfm,,
https://soundcloud.com/dewayne-johnta,,
https://soundcloud.com/user-497841448,,
https://soundcloud.com/zurou,,
https://soundcloud.com/user-92566862-447028956,,
https://soundcloud.com/user-653054286,,
https://soundcloud.com/lil-dandy-officials,,
https://soundcloud.com/wonforever,,
https://soundcloud.com/yaboy_lyryx,,
https://soundcloud.com/ghostdrops,,
https://soundcloud.com/contakz,,
https://soundcloud.com/trap-fruit,,
https://soundcloud.com/7lpbz,,
https://soundcloud.com/darealkyngcole,,
https://soundcloud.com/user-892915565,,
https://soundcloud.com/ceerobmr2raw,,
https://soundcloud.com/8pieceofficial,,
https://soundcloud.com/manny-xavier-arrieta-1,,
https://soundcloud.com/user-341816015,,
https://soundcloud.com/414deadpool,,
https://soundcloud.com/accidentalspillage,,
https://soundcloud.com/xanhelsing,,
https://soundcloud.com/gokuboofboy,,
https://soundcloud.com/user-212473832,,
https://soundcloud.com/botis999,,
https://soundcloud.com/natehollow,,
https://soundcloud.com/ghostieantiworld,,
https://soundcloud.com/user-162670924,,
https://soundcloud.com/user-829359403,,
https://soundcloud.com/shehatesdawn,,
https://soundcloud.com/blakk-daniel,,
https://soundcloud.com/donguwap,,
https://soundcloud.com/cottoncandycaleb,,
https://soundcloud.com/flyshittonlyyy-2021vizion,,
https://soundcloud.com/user-340371706,,
https://soundcloud.com/deandre-scholl,,
https://soundcloud.com/yung_oscar,,
https://soundcloud.com/fvckdreamo,,
https://soundcloud.com/icebergslimmusic,,
https://soundcloud.com/user-435796380,,
https://soundcloud.com/user-570681962,,
https://soundcloud.com/user-112233537,,
https://soundcloud.com/ken-randolph-621328872,,
https://soundcloud.com/915vission,,
https://soundcloud.com/foolish_al,,
https://soundcloud.com/nessly,,
https://soundcloud.com/draamatic,,
https://soundcloud.com/pryh757,,
https://soundcloud.com/user-377646810-151932140,,
https://soundcloud.com/og-crae-371126395,,
https://soundcloud.com/gerrymess,,
https://soundcloud.com/karriencash,,
https://soundcloud.com/user-573212437-630559952,,
https://soundcloud.com/sentall-mathis,,
https://soundcloud.com/spacewasted,,
https://soundcloud.com/kim_crow,,
https://soundcloud.com/edson-caetano-137006370,,
https://soundcloud.com/user-155435640,,
https://soundcloud.com/worldcorpenterprises,,
https://soundcloud.com/itsxkash,,
https://soundcloud.com/ducksauce-dotkom,,
https://soundcloud.com/vaguest,,
https://soundcloud.com/michvelangelo,,
https://soundcloud.com/hstreet,,
https://soundcloud.com/collinstriggofficial,,
https://soundcloud.com/flipzworld,,
https://soundcloud.com/user-58221070,,
https://soundcloud.com/ucknut27,,
https://soundcloud.com/khalif-smith-940038662,,
https://soundcloud.com/fcgheem,,
https://soundcloud.com/user-900512021,,
https://soundcloud.com/infinitewar,,
https://soundcloud.com/keymoney007,,
https://soundcloud.com/gherbo,,
https://soundcloud.com/user-318816889,,
https://soundcloud.com/user-329712669,,
https://soundcloud.com/marluxmusic,,
https://soundcloud.com/user-587664882,,
https://soundcloud.com/zoelifecj,,
https://soundcloud.com/tgwapgwalagang,,
https://soundcloud.com/lilsilofficial,,
https://soundcloud.com/babyjungle,,
https://soundcloud.com/realorrin,,
https://soundcloud.com/mirfontane,,
https://soundcloud.com/cspittygray,,
https://soundcloud.com/mtlebowski,,
https://soundcloud.com/jaedmv,,
https://soundcloud.com/cashgotti,,
https://soundcloud.com/pyrexpryce,,
https://soundcloud.com/deewattson,,
https://soundcloud.com/lmsoulyd,,
https://soundcloud.com/ydynamic2011,,
https://soundcloud.com/user666351182,,
https://soundcloud.com/user-406799087,,
https://soundcloud.com/nigelrox,,
https://soundcloud.com/jkaintplayin,,
https://soundcloud.com/8136666,,
https://soundcloud.com/babyikey,,
https://soundcloud.com/paydayofficial,,
https://soundcloud.com/maxthegoodson,,
https://soundcloud.com/lostloveca,,
https://soundcloud.com/niit-niit,,
https://soundcloud.com/everything-but-nothing,,
https://soundcloud.com/user-123059797,,
https://soundcloud.com/kidexquisite,,
https://soundcloud.com/strawhatzero,,
https://soundcloud.com/sickosoicy,,
https://soundcloud.com/icantakeiteasy,,
https://soundcloud.com/brennan-carter-3,,
https://soundcloud.com/pardlio,,
https://soundcloud.com/vncicode,,
https://soundcloud.com/personas_failures2,,
https://soundcloud.com/jaylencarter,,
https://soundcloud.com/user-439173890,,
https://soundcloud.com/nozajordan,,
https://soundcloud.com/sam-m-king,,
https://soundcloud.com/user-130771411-731805924,,
https://soundcloud.com/nedthekoala,,
https://soundcloud.com/slapaholic,,
https://soundcloud.com/user-536772522,,
https://soundcloud.com/user-521412880,,
https://soundcloud.com/blaccboijuice,,
https://soundcloud.com/vlone-kai-814693157,,
https://soundcloud.com/itstriy,,
https://soundcloud.com/user-859952485,,
https://soundcloud.com/user-867017197,,
https://soundcloud.com/alexander_1000,,
h,,
